{
  "config": {
    "models_dir": "phase2/runs/baseline-codelab-rf500-log1p-mf01",
    "val_fovs": "FOV_151,FOV_152,FOV_153,FOV_154,FOV_155,FOV_156,FOV_157,FOV_158,FOV_159,FOV_160",
    "seg_checkpoint": "phase2/external_models/cellpose_nuclei_cosine_ep125",
    "include_spot_density": true,
    "spot_density_sigma": 8.0,
    "cellpose_diameter": 0.0,
    "cellprob_threshold": -0.5,
    "flow_threshold": 0.4,
    "nn_radius": 0.0,
    "device": "auto",
    "out": "/Users/chetangoel/Desktop/Repositories/cell-segmentation-assignment/phase2/autoresearch/results/20260501-133138.json"
  },
  "mean_ari": 0.583991721360975,
  "per_fov": {
    "FOV_151": {
      "per_level": {
        "class": 0.6903362352572138,
        "subclass": 0.6477763399864627,
        "supertype": 0.6761187623908166,
        "cluster": 0.6402418721657146
      },
      "n_spots": 49710,
      "n_cells_segmented": 56,
      "frac_in_cell_pred": 0.2546771273385637,
      "frac_in_cell_gt": 0.23663246831623416,
      "seg_s": 40.35868191719055
    },
    "FOV_152": {
      "per_level": {
        "class": 0.52002798983969,
        "subclass": 0.5160281838518231,
        "supertype": 0.5155707845441678,
        "cluster": 0.51485915282111
      },
      "n_spots": 35014,
      "n_cells_segmented": 71,
      "frac_in_cell_pred": 0.26369452219112355,
      "frac_in_cell_gt": 0.29059804649568743,
      "seg_s": 40.200965881347656
    },
    "FOV_153": {
      "per_level": {
        "class": 0.6474252672538843,
        "subclass": 0.5986683490790764,
        "supertype": 0.5823278381445681,
        "cluster": 0.567887513975159
      },
      "n_spots": 41273,
      "n_cells_segmented": 76,
      "frac_in_cell_pred": 0.2691105565381727,
      "frac_in_cell_gt": 0.2558815690645216,
      "seg_s": 40.58901023864746
    },
    "FOV_154": {
      "per_level": {
        "class": 0.5387665699720378,
        "subclass": 0.5387992076330311,
        "supertype": 0.5368843950291343,
        "cluster": 0.535657502416886
      },
      "n_spots": 54140,
      "n_cells_segmented": 84,
      "frac_in_cell_pred": 0.2800147765053565,
      "frac_in_cell_gt": 0.2402290358330255,
      "seg_s": 40.32835388183594
    },
    "FOV_155": {
      "per_level": {
        "class": 0.6039274465901048,
        "subclass": 0.5969355769967394,
        "supertype": 0.6022640526057778,
        "cluster": 0.6262727805051871
      },
      "n_spots": 61771,
      "n_cells_segmented": 92,
      "frac_in_cell_pred": 0.32722474947791036,
      "frac_in_cell_gt": 0.27833449353256384,
      "seg_s": 40.54179406166077
    },
    "FOV_156": {
      "per_level": {
        "class": 0.6425985066527949,
        "subclass": 0.6403261515673521,
        "supertype": 0.6820677766859004,
        "cluster": 0.6410510199173035
      },
      "n_spots": 45901,
      "n_cells_segmented": 79,
      "frac_in_cell_pred": 0.2812792749613298,
      "frac_in_cell_gt": 0.22870961416962593,
      "seg_s": 40.37465500831604
    },
    "FOV_157": {
      "per_level": {
        "class": 0.6655692040299155,
        "subclass": 0.6534668993567704,
        "supertype": 0.6328240910102659,
        "cluster": 0.6612247868170174
      },
      "n_spots": 36214,
      "n_cells_segmented": 71,
      "frac_in_cell_pred": 0.26205334953332965,
      "frac_in_cell_gt": 0.23383221958358646,
      "seg_s": 40.15775203704834
    },
    "FOV_158": {
      "per_level": {
        "class": 0.6120812551223248,
        "subclass": 0.612548622001401,
        "supertype": 0.6307263792660142,
        "cluster": 0.6146997124586093
      },
      "n_spots": 36373,
      "n_cells_segmented": 83,
      "frac_in_cell_pred": 0.2733896021774393,
      "frac_in_cell_gt": 0.23940835234927008,
      "seg_s": 40.2384090423584
    },
    "FOV_159": {
      "per_level": {
        "class": 0.539429650324704,
        "subclass": 0.5371813317188223,
        "supertype": 0.5371813317188223,
        "cluster": 0.47633596788868926
      },
      "n_spots": 47660,
      "n_cells_segmented": 70,
      "frac_in_cell_pred": 0.2957196810742761,
      "frac_in_cell_gt": 0.2783676038606798,
      "seg_s": 40.273223876953125
    },
    "FOV_160": {
      "per_level": {
        "class": 0.5203665023911576,
        "subclass": 0.4488352035719776,
        "supertype": 0.44768008272855586,
        "cluster": 0.46669855815201927
      },
      "n_spots": 55342,
      "n_cells_segmented": 86,
      "frac_in_cell_pred": 0.30761447002276754,
      "frac_in_cell_gt": 0.2597484731307145,
      "seg_s": 40.74745297431946
    }
  }
}