{
  "config": {
    "models_dir": "phase2/runs/baseline-codelab-rf300-log1p-mf01-ent",
    "val_fovs": "FOV_151,FOV_154,FOV_159",
    "seg_checkpoint": "phase2/external_models/cellpose_nuclei_cosine_ep125",
    "include_spot_density": true,
    "spot_density_sigma": 8.0,
    "cellpose_diameter": 0.0,
    "cellprob_threshold": -0.5,
    "flow_threshold": 0.4,
    "nn_radius": 0.0,
    "device": "auto",
    "out": "/Users/chetangoel/Desktop/Repositories/cell-segmentation-assignment/phase2/autoresearch/results/20260501-132035.json"
  },
  "mean_ari": 0.5570355169105747,
  "per_fov": {
    "FOV_151": {
      "per_level": {
        "class": 0.6903362352572138,
        "subclass": 0.6477763399864627,
        "supertype": 0.6648776373502828,
        "cluster": 0.6402418721657146
      },
      "n_spots": 49710,
      "n_cells_segmented": 56,
      "frac_in_cell_pred": 0.2546771273385637,
      "frac_in_cell_gt": 0.23663246831623416,
      "seg_s": 40.38245487213135
    },
    "FOV_154": {
      "per_level": {
        "class": 0.5387665699720378,
        "subclass": 0.5439265745462676,
        "supertype": 0.5532726778754845,
        "cluster": 0.5520242069727133
      },
      "n_spots": 54140,
      "n_cells_segmented": 84,
      "frac_in_cell_pred": 0.2800147765053565,
      "frac_in_cell_gt": 0.2402290358330255,
      "seg_s": 40.371304988861084
    },
    "FOV_159": {
      "per_level": {
        "class": 0.5325874273013831,
        "subclass": 0.4586802021461868,
        "supertype": 0.4442834504144256,
        "cluster": 0.4176530089387238
      },
      "n_spots": 47660,
      "n_cells_segmented": 70,
      "frac_in_cell_pred": 0.2957196810742761,
      "frac_in_cell_gt": 0.2783676038606798,
      "seg_s": 40.24774718284607
    }
  }
}