{
  "config": {
    "models_dir": "phase2/runs/baseline-codelab-rf300-log1p-mf01-msl2",
    "val_fovs": "FOV_151,FOV_154,FOV_159",
    "seg_checkpoint": "phase2/external_models/cellpose_nuclei_cosine_ep125",
    "include_spot_density": true,
    "spot_density_sigma": 8.0,
    "cellpose_diameter": 0.0,
    "cellprob_threshold": -0.5,
    "flow_threshold": 0.4,
    "nn_radius": 0.0,
    "device": "auto",
    "out": "/Users/chetangoel/Desktop/Repositories/cell-segmentation-assignment/phase2/autoresearch/results/20260501-131723.json"
  },
  "mean_ari": 0.5638576543594568,
  "per_fov": {
    "FOV_151": {
      "per_level": {
        "class": 0.6903362352572138,
        "subclass": 0.6770716725073641,
        "supertype": 0.6468522455749975,
        "cluster": 0.6111932368145241
      },
      "n_spots": 49710,
      "n_cells_segmented": 56,
      "frac_in_cell_pred": 0.2546771273385637,
      "frac_in_cell_gt": 0.23663246831623416,
      "seg_s": 40.34742283821106
    },
    "FOV_154": {
      "per_level": {
        "class": 0.5387665699720378,
        "subclass": 0.5387992076330311,
        "supertype": 0.5368843950291343,
        "cluster": 0.535657502416886
      },
      "n_spots": 54140,
      "n_cells_segmented": 84,
      "frac_in_cell_pred": 0.2800147765053565,
      "frac_in_cell_gt": 0.2402290358330255,
      "seg_s": 40.40954399108887
    },
    "FOV_159": {
      "per_level": {
        "class": 0.548016375364328,
        "subclass": 0.4427586578038015,
        "supertype": 0.5236197860514746,
        "cluster": 0.47633596788868926
      },
      "n_spots": 47660,
      "n_cells_segmented": 70,
      "frac_in_cell_pred": 0.2957196810742761,
      "frac_in_cell_gt": 0.2783676038606798,
      "seg_s": 40.245365858078
    }
  }
}