{
  "config": {
    "models_dir": "phase2/runs/baseline-codelab-p2only",
    "val_fovs": "FOV_151,FOV_154,FOV_159",
    "seg_checkpoint": "phase2/external_models/cellpose_nuclei_cosine_ep125",
    "include_spot_density": true,
    "spot_density_sigma": 8.0,
    "cellpose_diameter": 100.0,
    "cellprob_threshold": -0.5,
    "flow_threshold": 0.4,
    "nn_radius": 0.0,
    "device": "auto",
    "out": "/Users/chetangoel/Desktop/Repositories/cell-segmentation-assignment/phase2/autoresearch/results/20260501-115612.json"
  },
  "mean_ari": 0.4586610110900278,
  "per_fov": {
    "FOV_151": {
      "per_level": {
        "class": 0.5672675720315389,
        "subclass": 0.568224596109726,
        "supertype": 0.5689774961880063,
        "cluster": 0.5705939262145167
      },
      "n_spots": 49710,
      "n_cells_segmented": 43,
      "frac_in_cell_pred": 0.21657614162140415,
      "frac_in_cell_gt": 0.23663246831623416,
      "seg_s": 6.13339900970459
    },
    "FOV_154": {
      "per_level": {
        "class": 0.3148539298070208,
        "subclass": 0.3297370334810141,
        "supertype": 0.3291618693025135,
        "cluster": 0.3408449086861782
      },
      "n_spots": 54140,
      "n_cells_segmented": 59,
      "frac_in_cell_pred": 0.19368304396010344,
      "frac_in_cell_gt": 0.2402290358330255,
      "seg_s": 5.522687911987305
    },
    "FOV_159": {
      "per_level": {
        "class": 0.47696456033388895,
        "subclass": 0.4784502605095862,
        "supertype": 0.489941779796576,
        "cluster": 0.4689142006197694
      },
      "n_spots": 47660,
      "n_cells_segmented": 53,
      "frac_in_cell_pred": 0.24496433067561896,
      "frac_in_cell_gt": 0.2783676038606798,
      "seg_s": 5.19533896446228
    }
  }
}