{
  "config": {
    "models_dir": "phase2/runs/baseline-codelab-p2only",
    "val_fovs": "FOV_151,FOV_154,FOV_159",
    "seg_checkpoint": "phase2/external_models/cellpose_nuclei_cosine_ep125",
    "include_spot_density": true,
    "spot_density_sigma": 8.0,
    "cellpose_diameter": 0.0,
    "cellprob_threshold": -0.25,
    "flow_threshold": 0.4,
    "nn_radius": 0.0,
    "device": "auto",
    "out": "/Users/chetangoel/Desktop/Repositories/cell-segmentation-assignment/phase2/autoresearch/results/20260501-114242.json"
  },
  "mean_ari": 0.5415916380261637,
  "per_fov": {
    "FOV_151": {
      "per_level": {
        "class": 0.6147717610715305,
        "subclass": 0.6148028767421586,
        "supertype": 0.6154849256106889,
        "cluster": 0.6174259442404227
      },
      "n_spots": 49710,
      "n_cells_segmented": 55,
      "frac_in_cell_pred": 0.24741500704083685,
      "frac_in_cell_gt": 0.23663246831623416,
      "seg_s": 40.243386030197144
    },
    "FOV_154": {
      "per_level": {
        "class": 0.4228048302557255,
        "subclass": 0.45232455006344574,
        "supertype": 0.45641528429897066,
        "cluster": 0.48018414222583233
      },
      "n_spots": 54140,
      "n_cells_segmented": 82,
      "frac_in_cell_pred": 0.27041004802364244,
      "frac_in_cell_gt": 0.2402290358330255,
      "seg_s": 40.357972145080566
    },
    "FOV_159": {
      "per_level": {
        "class": 0.5465865678361287,
        "subclass": 0.5483186810990692,
        "supertype": 0.5626165857219568,
        "cluster": 0.5673635071480347
      },
      "n_spots": 47660,
      "n_cells_segmented": 68,
      "frac_in_cell_pred": 0.284326479227864,
      "frac_in_cell_gt": 0.2783676038606798,
      "seg_s": 40.76974391937256
    }
  }
}