{
  "config": {
    "models_dir": "phase2/runs/baseline-codelab-rf300-bal",
    "val_fovs": "FOV_151,FOV_154,FOV_159",
    "seg_checkpoint": "phase2/external_models/cellpose_nuclei_cosine_ep125",
    "include_spot_density": true,
    "spot_density_sigma": 8.0,
    "cellpose_diameter": 0.0,
    "cellprob_threshold": -0.5,
    "flow_threshold": 0.4,
    "nn_radius": 0.0,
    "device": "auto",
    "out": "/Users/chetangoel/Desktop/Repositories/cell-segmentation-assignment/phase2/autoresearch/results/20260501-122901.json"
  },
  "mean_ari": 0.5571283578071912,
  "per_fov": {
    "FOV_151": {
      "per_level": {
        "class": 0.6467684076807392,
        "subclass": 0.6770716725073641,
        "supertype": 0.6468522455749975,
        "cluster": 0.5781962839530981
      },
      "n_spots": 49710,
      "n_cells_segmented": 56,
      "frac_in_cell_pred": 0.2546771273385637,
      "frac_in_cell_gt": 0.23663246831623416,
      "seg_s": 40.280272006988525
    },
    "FOV_154": {
      "per_level": {
        "class": 0.5183760039174838,
        "subclass": 0.5478673351954757,
        "supertype": 0.5536887364884387,
        "cluster": 0.5520242069727133
      },
      "n_spots": 54140,
      "n_cells_segmented": 84,
      "frac_in_cell_pred": 0.2800147765053565,
      "frac_in_cell_gt": 0.2402290358330255,
      "seg_s": 40.29512000083923
    },
    "FOV_159": {
      "per_level": {
        "class": 0.5380434713777201,
        "subclass": 0.5069669964303312,
        "supertype": 0.4877521764477529,
        "cluster": 0.4319327571401788
      },
      "n_spots": 47660,
      "n_cells_segmented": 70,
      "frac_in_cell_pred": 0.2957196810742761,
      "frac_in_cell_gt": 0.2783676038606798,
      "seg_s": 40.20590114593506
    }
  }
}