{
  "config": {
    "models_dir": "phase2/runs/baseline-codelab-p2only",
    "val_fovs": "FOV_151,FOV_154,FOV_159",
    "seg_checkpoint": "phase2/external_models/cellpose_nuclei_cosine_ep125",
    "include_spot_density": true,
    "spot_density_sigma": 16.0,
    "cellpose_diameter": 0.0,
    "cellprob_threshold": -0.5,
    "flow_threshold": 0.4,
    "nn_radius": 0.0,
    "device": "auto",
    "out": "/Users/chetangoel/Desktop/Repositories/cell-segmentation-assignment/phase2/autoresearch/results/20260501-114828.json"
  },
  "mean_ari": 0.5328290896825916,
  "per_fov": {
    "FOV_151": {
      "per_level": {
        "class": 0.6256735356091185,
        "subclass": 0.6272549207549044,
        "supertype": 0.6286023825860948,
        "cluster": 0.6302951925405328
      },
      "n_spots": 49710,
      "n_cells_segmented": 51,
      "frac_in_cell_pred": 0.23616978475155903,
      "frac_in_cell_gt": 0.23663246831623416,
      "seg_s": 41.41175723075867
    },
    "FOV_154": {
      "per_level": {
        "class": 0.40805897168446376,
        "subclass": 0.4092010633515878,
        "supertype": 0.4077262434275175,
        "cluster": 0.4171085701574938
      },
      "n_spots": 54140,
      "n_cells_segmented": 79,
      "frac_in_cell_pred": 0.26368673808644255,
      "frac_in_cell_gt": 0.2402290358330255,
      "seg_s": 40.94580817222595
    },
    "FOV_159": {
      "per_level": {
        "class": 0.5415336282473429,
        "subclass": 0.5429928872413373,
        "supertype": 0.5866788454054015,
        "cluster": 0.5688228351853041
      },
      "n_spots": 47660,
      "n_cells_segmented": 69,
      "frac_in_cell_pred": 0.29704154427192614,
      "frac_in_cell_gt": 0.2783676038606798,
      "seg_s": 41.72691607475281
    }
  }
}