{
  "config": {
    "models_dir": "phase2/runs/baseline-codelab-rf300-log1p",
    "val_fovs": "FOV_151,FOV_154,FOV_159",
    "seg_checkpoint": "phase2/external_models/cellpose_nuclei_cosine_ep125",
    "include_spot_density": true,
    "spot_density_sigma": 8.0,
    "cellpose_diameter": 0.0,
    "cellprob_threshold": -0.5,
    "flow_threshold": 0.4,
    "nn_radius": 0.0,
    "device": "auto",
    "out": "/Users/chetangoel/Desktop/Repositories/cell-segmentation-assignment/phase2/autoresearch/results/20260501-123751.json"
  },
  "mean_ari": 0.5615744206907368,
  "per_fov": {
    "FOV_151": {
      "per_level": {
        "class": 0.6903362352572138,
        "subclass": 0.6770716725073641,
        "supertype": 0.6468522455749975,
        "cluster": 0.6111932368145241
      },
      "n_spots": 49710,
      "n_cells_segmented": 56,
      "frac_in_cell_pred": 0.2546771273385637,
      "frac_in_cell_gt": 0.23663246831623416,
      "seg_s": 41.72439217567444
    },
    "FOV_154": {
      "per_level": {
        "class": 0.5551952107961238,
        "subclass": 0.5552207464103037,
        "supertype": 0.5532726778754845,
        "cluster": 0.5281773873132988
      },
      "n_spots": 54140,
      "n_cells_segmented": 84,
      "frac_in_cell_pred": 0.2800147765053565,
      "frac_in_cell_gt": 0.2402290358330255,
      "seg_s": 42.97552180290222
    },
    "FOV_159": {
      "per_level": {
        "class": 0.5394588303296889,
        "subclass": 0.5056813964222311,
        "supertype": 0.43282534799809963,
        "cluster": 0.44360806098951133
      },
      "n_spots": 47660,
      "n_cells_segmented": 70,
      "frac_in_cell_pred": 0.2957196810742761,
      "frac_in_cell_gt": 0.2783676038606798,
      "seg_s": 42.43566393852234
    }
  }
}