{
  "config": {
    "models_dir": "phase2/runs/baseline-codelab-p2only",
    "val_fovs": "FOV_151,FOV_154,FOV_159",
    "seg_checkpoint": "phase2/external_models/cellpose_nuclei_cosine_ep125",
    "include_spot_density": true,
    "spot_density_sigma": 4.0,
    "cellpose_diameter": 0.0,
    "cellprob_threshold": -0.5,
    "flow_threshold": 0.4,
    "nn_radius": 0.0,
    "device": "auto",
    "out": "/Users/chetangoel/Desktop/Repositories/cell-segmentation-assignment/phase2/autoresearch/results/20260501-114532.json"
  },
  "mean_ari": 0.46174502135287504,
  "per_fov": {
    "FOV_151": {
      "per_level": {
        "class": 0.5553696293267512,
        "subclass": 0.5555939876302585,
        "supertype": 0.5550237765043423,
        "cluster": 0.5571904442430912
      },
      "n_spots": 49710,
      "n_cells_segmented": 42,
      "frac_in_cell_pred": 0.20619593643130155,
      "frac_in_cell_gt": 0.23663246831623416,
      "seg_s": 41.74547600746155
    },
    "FOV_154": {
      "per_level": {
        "class": 0.4107008029798207,
        "subclass": 0.42799945948664436,
        "supertype": 0.4290918898391666,
        "cluster": 0.44599650976410765
      },
      "n_spots": 54140,
      "n_cells_segmented": 43,
      "frac_in_cell_pred": 0.16743627632065017,
      "frac_in_cell_gt": 0.2402290358330255,
      "seg_s": 40.71089792251587
    },
    "FOV_159": {
      "per_level": {
        "class": 0.40151199725730524,
        "subclass": 0.40382503463845687,
        "supertype": 0.41522422895921013,
        "cluster": 0.3834124956053461
      },
      "n_spots": 47660,
      "n_cells_segmented": 52,
      "frac_in_cell_pred": 0.24393621485522451,
      "frac_in_cell_gt": 0.2783676038606798,
      "seg_s": 41.35773682594299
    }
  }
}